{"epoch": [0, 1, 2, 3, 4, 5, 6, 7, 8, 9, 10, 11, 12, 13, 14, 15, 16, 17, 18, 19, 20, 21, 22, 23, 24, 25, 26, 27, 28, 29, 30, 31, 32, 33, 34, 35, 36, 37, 38, 39, 40, 41, 42, 43, 44, 45, 46, 47, 48, 49, 50, 51, 52, 53, 54, 55, 56, 57, 58, 59, 60, 61, 62, 63, 64, 65, 66, 67, 68, 69, 70, 71, 72, 73, 74, 75, 76, 77, 78, 79], "train": [0.534300391346162, 0.5815334414226986, 0.6286534411919971, 0.6388670223193454, 0.6454152543531418, 0.6508271692106996, 0.6590637604552889, 0.6702361978823163, 0.6807598209604868, 0.6892866795066219, 0.6970253557527865, 0.703778574528539, 0.7114213263346668, 0.7205155181066931, 0.7280259576022466, 0.7348733531194954, 0.7399774938986577, 0.7444305180367571, 0.7483182616259714, 0.7516451400634341, 0.7542680352216784, 0.7575904785612132, 0.7596612876218423, 0.7623425888155839, 0.7636733133628033, 0.7667788437940313, 0.7682245035953473, 0.769994378796254, 0.7715091036632978, 0.7730848759028132, 0.7745722032440654, 0.7751623464334407, 0.7768277895217983, 0.7783810290449544, 0.7802828665207556, 0.7811606300135546, 0.7822735811358908, 0.7834394294665812, 0.7850897056547946, 0.7856499659860714, 0.786879147638672, 0.788032377822951, 0.789396962353138, 0.7901540049318023, 0.791091582451102, 0.7924522089275848, 0.7932196316545252, 0.7946170596850977, 0.7952556142499676, 0.7964558124103283, 0.7973682212005349, 0.7981668807996034, 0.7993572928014202, 0.8001686825768751, 0.8011859877158527, 0.8021208604436135, 0.8031168106224916, 0.8040421926428762, 0.8045558860116978, 0.8061592409821497, 0.8061726161427842, 0.80769864565946, 0.8087112099819523, 0.8094223394800772, 0.8098129949290964, 0.8111774050406967, 0.812119106068343, 0.8129775746126868, 0.8135781893682121, 0.8146368515511121, 0.8158183516799778, 0.8165081393021587, 0.8175927328122, 0.818130241547808, 0.8191712388172856, 0.8206394479428359, 0.821005785386933, 0.8221150326107299, 0.8235162179424164, 0.82446114143906], "valid": [0.5939449731931413, 0.6320824264894822, 0.6486351389477267, 0.654463380771982, 0.6593367533491212, 0.6668860247546756, 0.6771614335419083, 0.6857474882459563, 0.6974606204815512, 0.7053045545616802, 0.713728886126409, 0.7203177335009341, 0.7289436665324008, 0.7410102309660886, 0.7481163722368448, 0.7520901899745127, 0.7571035286437535, 0.7606057659920968, 0.7629533461696054, 0.7668077786767412, 0.7689427812463107, 0.7698791142624989, 0.7713491313813866, 0.7725537783954776, 0.7749169674046655, 0.7757450330918864, 0.7774720239004674, 0.7786547303514755, 0.7795937060308487, 0.7801256135714931, 0.7814238544582028, 0.7820240475231435, 0.7828769296944991, 0.7833451219850964, 0.78417535184002, 0.7839072974033461, 0.7848812038606043, 0.7857261898147827, 0.7856316692478107, 0.7866733418464786, 0.7869593237171251, 0.7872941087413972, 0.7881170418874529, 0.7877314212322821, 0.788599578972589, 0.7894182193752474, 0.7892432471543755, 0.79033460020626, 0.7901580994388617, 0.7901275456966659, 0.7896329973505657, 0.7902365540338766, 0.7900086221205198, 0.7903519783079733, 0.7916160751737931, 0.7912221721715639, 0.7908139225517907, 0.7918217165070525, 0.7906610036599001, 0.7905747098817304, 0.7916653302591099, 0.7912879546227942, 0.7916343193766364, 0.789614800893099, 0.7912771821373261, 0.7902715574715438, 0.7910140061496045, 0.7903578010736632, 0.7904848792128785, 0.7892013724625503, 0.7902049358302139, 0.7892740794691409, 0.7894276818143937, 0.7889657843610454, 0.7896116858979256, 0.7885275526414478, 0.7892451894362921, 0.7877985257963929, 0.7870441855680484, 0.7871006611432501]}