{"epoch": [0, 1, 2, 3, 4, 5, 6, 7, 8, 9, 10, 11, 12, 13, 14, 15, 16, 17, 18, 19, 20, 21, 22, 23, 24, 25, 26, 27, 28, 29, 30, 31, 32, 33, 34, 35, 36, 37, 38, 39, 40, 41, 42, 43, 44, 45, 46, 47, 48, 49, 50, 51, 52, 53, 54, 55, 56, 57, 58, 59, 60, 61, 62, 63, 64, 65, 66, 67, 68, 69, 70, 71, 72, 73, 74, 75, 76, 77, 78, 79], "train": [0.5329142050630623, 0.5758764443264204, 0.6258617891710594, 0.6389998593728577, 0.6446890668719182, 0.6504031829951019, 0.6567304828776208, 0.6672393485441682, 0.6783234715011099, 0.6882730450276244, 0.6963566345751793, 0.7034866693983015, 0.7117622974379595, 0.720306037227694, 0.7278575787053487, 0.7340828514531772, 0.7399044966190431, 0.7442751311067742, 0.7489898578296499, 0.7523192846352766, 0.7556998805994699, 0.7571639987940584, 0.7606896297040583, 0.7623670066247861, 0.7642896461314777, 0.7665514160410004, 0.7688413822676134, 0.7706896701435414, 0.7721022778070938, 0.7740953536421417, 0.7747567370422603, 0.7768178621421759, 0.7775994723657046, 0.7792954452666272, 0.780338263314485, 0.7819651305214659, 0.7833628432164854, 0.7843125382286465, 0.7852222656488618, 0.7861753474214467, 0.7875487494854632, 0.7884902624046781, 0.7902255357130824, 0.791440563093013, 0.7916412303530034, 0.7933581837700474, 0.7936773559231468, 0.7949035171775711, 0.7963647085793822, 0.796976884950849, 0.7984763024865851, 0.7988325760029283, 0.7999547650199669, 0.800709395582369, 0.8016350963418146, 0.8024184251183447, 0.8036037431725891, 0.804457365137341, 0.8050913415559169, 0.8066196128780588, 0.8073779301040116, 0.8079601733116801, 0.8094011791996364, 0.8095677881678556, 0.8105794759182589, 0.8115114418933044, 0.8123162241323914, 0.8135981713248349, 0.8146647930352962, 0.8153379577285104, 0.8161061764447355, 0.8171476568654363, 0.8181038851825946, 0.8187794809686771, 0.8196127528898755, 0.8205171744153752, 0.8214043468266999, 0.821955755618673, 0.8230217932781996, 0.8240575415337628], "valid": [0.5950441009575613, 0.6348443822397417, 0.6502246743678446, 0.6547500810013356, 0.6594757692336983, 0.665788499838676, 0.6757236010294578, 0.6841738572553256, 0.6950567783169322, 0.7046439690631827, 0.7121547290264978, 0.7215776697244718, 0.7311171886304512, 0.7415360301933467, 0.7457907502318444, 0.7542924631358152, 0.7589726031503091, 0.7614084841933726, 0.7651188648887166, 0.767045251206688, 0.7691699282098565, 0.7699409395265178, 0.7718502601430374, 0.7737679893843574, 0.7741712801800193, 0.7764088755333138, 0.7768859600160668, 0.7776705426851968, 0.7794302895380206, 0.7800697882021488, 0.7807089984510026, 0.7809964444240354, 0.7819880727842524, 0.7825088394568986, 0.7817984472814956, 0.783426400701034, 0.7840611229820074, 0.7841475443569497, 0.7851063644428983, 0.7851064263673542, 0.7860047752898158, 0.7860033378318576, 0.7866301287870339, 0.7871207133667171, 0.7868578137013769, 0.7878064552729739, 0.7879383977208181, 0.7887299967041486, 0.7881330450424733, 0.7880438039840818, 0.7884518279006074, 0.7889600277730715, 0.788858893448992, 0.7891090259315117, 0.78931553522674, 0.7888651446144348, 0.7893772338517042, 0.7894128368322819, 0.790102976882969, 0.7887059876405949, 0.7897978848905609, 0.790438181880629, 0.7896524510170955, 0.7903328547901856, 0.7895104051748261, 0.7899522307960103, 0.7887927618058552, 0.7893814087099302, 0.7891660051966023, 0.7890690846573858, 0.7888389274774703, 0.7886407193582146, 0.7885100320823349, 0.7895459680034733, 0.7879239329407719, 0.7885087705953955, 0.7873047766018226, 0.7877379196979489, 0.787103835229447, 0.7864233847066915]}