{"epoch": [0, 1, 2, 3, 4, 5, 6, 7, 8, 9, 10, 11, 12, 13, 14, 15, 16, 17, 18, 19, 20, 21, 22, 23, 24, 25, 26, 27, 28, 29, 30, 31, 32, 33, 34, 35, 36, 37, 38, 39, 40, 41, 42, 43, 44, 45, 46, 47, 48, 49], "train": [0.5442571709914696, 0.6380920474212091, 0.700287290993461, 0.7263782587276525, 0.7356905039869752, 0.7410486327034951, 0.7444592441055377, 0.7476667732585788, 0.7491961037362578, 0.7527412550116421, 0.7557705099774223, 0.7581137959112432, 0.7611327271183382, 0.7640556890569691, 0.7681871259729998, 0.7717291055089074, 0.7751787845654736, 0.7788186675040697, 0.7822857539371605, 0.7856225355864295, 0.7874733110257917, 0.7903904364544299, 0.7921418796065841, 0.7938352305879737, 0.7958129061704609, 0.7971754866547142, 0.7987285462250407, 0.7997755516476185, 0.8011865154913437, 0.8022052881041508, 0.8032946207736097, 0.8042545288640432, 0.8052062239762442, 0.8063909350568635, 0.8075399212645706, 0.8081267487033589, 0.8088532764089836, 0.8100289387954733, 0.8103220199878433, 0.8113407140636364, 0.812040649426447, 0.8125536146834085, 0.8133498833735592, 0.8145499950254326, 0.8149910235496984, 0.8157656927210658, 0.81653761126383, 0.817416242587429, 0.8181089723448727, 0.818703882018681], "valid": [0.6305752430324812, 0.6797116793608545, 0.7199942283588726, 0.7309028347237466, 0.736764436485681, 0.7403700499317525, 0.7428877403013808, 0.7452079158841508, 0.7477021576781725, 0.749195481636926, 0.7522660644534507, 0.7549310383331023, 0.7578224914873092, 0.7610431395187418, 0.7648019687843071, 0.7685846127067073, 0.7722909175152228, 0.7757128543010867, 0.778266917418997, 0.7805667941659877, 0.7821949812641639, 0.7834670087681715, 0.7846928929984769, 0.7855331366296839, 0.7859760160946213, 0.7867824467917263, 0.7871070234085306, 0.7872461485918025, 0.7875759393519022, 0.7877429583233565, 0.7878205404799834, 0.788117589517946, 0.7882048512081495, 0.7881271707572717, 0.7880349863795184, 0.7877850742871835, 0.7881675188338165, 0.7881540827239273, 0.7878479343735192, 0.7879062822444858, 0.7876768307618836, 0.7877532951056543, 0.7874921080958286, 0.7869845557218434, 0.7864789493754545, 0.786426268172864, 0.7857565654195064, 0.7860438108790456, 0.7856976817183606, 0.7847796464987551]}