{"epoch": [0, 1, 2, 3, 4, 5, 6, 7, 8, 9, 10, 11, 12, 13, 14, 15, 16, 17, 18, 19, 20, 21, 22, 23, 24, 25, 26, 27, 28, 29, 30, 31, 32, 33, 34, 35, 36, 37, 38, 39, 40, 41, 42, 43, 44, 45, 46, 47, 48, 49], "train": [0.5460803643480091, 0.6398154953237497, 0.7024443900382026, 0.7262066654248086, 0.7347175230384421, 0.7398241310972502, 0.7431118809459357, 0.7468605968252031, 0.7491771246546388, 0.7518169678384419, 0.754462402807201, 0.7574265401318667, 0.7602322432839159, 0.7638655886268093, 0.76716479177808, 0.7710265819447158, 0.7748130975809302, 0.7781096413172109, 0.7817447396122011, 0.7846708455079074, 0.7866754924255985, 0.7892525054457655, 0.7913917482943142, 0.7930936703023035, 0.794474632005232, 0.796585109511011, 0.7979508986783699, 0.7987468910578045, 0.7998559550358966, 0.8015364307454745, 0.8026318002535388, 0.8037266558693575, 0.8044455696381285, 0.8054544950069243, 0.8066129698720654, 0.8076062744641308, 0.8082542883564101, 0.8088408942995609, 0.8097673985117276, 0.8107034763100682, 0.8113948703826916, 0.811949013762404, 0.812794334993239, 0.8137130211099092, 0.8144879285291389, 0.815169727815618, 0.8157132044601599, 0.8167719041843625, 0.817425942936713, 0.8184520654709638], "valid": [0.6427703986150268, 0.6884220076328269, 0.7224535301979873, 0.7341365889497538, 0.7396241562221771, 0.7428351097259012, 0.7454036359127525, 0.747786571063658, 0.7502101507484304, 0.7521230221366334, 0.7544431783150338, 0.7568551806609284, 0.7591272691337402, 0.7631010340238242, 0.7665337899202159, 0.770063884543367, 0.7734942951436888, 0.7766530197753683, 0.779254614401282, 0.7810954661162706, 0.7828757529925966, 0.7840135347967989, 0.785044475811066, 0.7860443893952602, 0.7868185292307173, 0.7873147370686555, 0.7876120254131971, 0.7878718861483416, 0.7882479815625901, 0.7885417498234305, 0.7884335040651109, 0.7885609867842982, 0.788637019942067, 0.7886060555056893, 0.7885558497960793, 0.7882886028096884, 0.7884166089504212, 0.788156530606725, 0.7880811603257384, 0.788026052950328, 0.7879346615714384, 0.7873249762808006, 0.7870907255842952, 0.7866979003184371, 0.7868526177430382, 0.7862865534134812, 0.786244370825024, 0.7856503720259684, 0.7854979580011568, 0.7850689970771615]}