{"epoch": [0, 1, 2, 3, 4, 5, 6, 7, 8, 9, 10, 11, 12, 13, 14, 15, 16, 17, 18, 19, 20, 21, 22, 23, 24, 25, 26, 27, 28, 29, 30, 31, 32, 33, 34, 35, 36, 37, 38, 39, 40, 41, 42, 43, 44, 45, 46, 47, 48, 49], "train": [0.5435431485528732, 0.6376032076576258, 0.6999153314690201, 0.726892149333642, 0.7357848464477524, 0.7406330283611402, 0.744594838122585, 0.7475792921161276, 0.7501194420473101, 0.7524109701778171, 0.7552564611532704, 0.758260259729648, 0.7609319304962506, 0.7647267096635807, 0.76843715885425, 0.77181090767996, 0.7754351654471829, 0.7791018613179843, 0.782172393584278, 0.7847530743757357, 0.7875773396342554, 0.7895439699752375, 0.7915194867778934, 0.7935365482628413, 0.7951003329822968, 0.7964946510940301, 0.7981742834418051, 0.7994017622409666, 0.8003946072752746, 0.8016460626981958, 0.8027973743109122, 0.8035694332751625, 0.8047229593224559, 0.8057853133156098, 0.8064917136772345, 0.8075520340239414, 0.8081216469031236, 0.8091917338392599, 0.8098033116086429, 0.8104625177059598, 0.8115829211131401, 0.8122031695189212, 0.813084857264498, 0.8138786907362864, 0.8145956860961694, 0.8150201324298304, 0.8157726240300025, 0.816753072020679, 0.8173976182701901, 0.818096702428488], "valid": [0.6376010010836848, 0.6786223229582194, 0.721579943152286, 0.7332801731750825, 0.7386466651385954, 0.7417333442222196, 0.7443367690490068, 0.7471909629970253, 0.7492312277491402, 0.7516777905984361, 0.7538853424314276, 0.756832892771041, 0.75989892673112, 0.7630619256329274, 0.7674259057408795, 0.771650770232986, 0.7751794510156232, 0.77811592161768, 0.7813704432651962, 0.7826529468275414, 0.7846813899627965, 0.7861832703260263, 0.7874560284139221, 0.7880363517704808, 0.7888691685322065, 0.7892038138147089, 0.78949514924161, 0.7901545602908413, 0.7895896417122723, 0.7901281926672141, 0.7905424021198715, 0.7906042971598377, 0.7909192926544724, 0.7906032074432989, 0.7909082302240162, 0.7907138495280484, 0.7906271605490206, 0.7904754880208057, 0.7907053860011657, 0.7903924368050351, 0.7903453310174147, 0.7901351615939121, 0.7899565430537577, 0.7895132034252133, 0.7894216488249779, 0.7893524150619554, 0.7890592605760183, 0.7889901422462299, 0.7875641328204439, 0.7887168323811669]}