{"epoch": [0, 1, 2, 3, 4, 5, 6, 7, 8, 9, 10, 11, 12, 13, 14, 15, 16, 17, 18, 19, 20, 21, 22, 23, 24, 25, 26, 27, 28, 29, 30, 31, 32, 33, 34, 35, 36, 37, 38, 39, 40, 41, 42, 43, 44, 45, 46, 47, 48, 49], "train": [0.5436900384379568, 0.6395654586177603, 0.697780330385922, 0.7253930161106823, 0.7347263734625324, 0.7399760959243998, 0.7438108749041289, 0.7464453155097936, 0.7497412354052869, 0.7523871896095126, 0.7550862521574079, 0.7577547140315122, 0.7609599822959733, 0.7640511087539456, 0.7681849785672479, 0.7717657612736601, 0.7756833230824576, 0.7792690994172662, 0.7825902759945165, 0.7855889664288424, 0.788038404258853, 0.7901530972672045, 0.791863852745283, 0.794140250075354, 0.7951892793113667, 0.797288448765693, 0.7983809367577903, 0.7996226959761734, 0.8007375001243032, 0.8023530281070831, 0.8028248118423196, 0.8041404726441869, 0.8046962834987007, 0.8062250506614649, 0.8069962220661345, 0.8074336734243099, 0.8086076330597544, 0.809349627280632, 0.8099636122776789, 0.811191101297821, 0.8117471671317718, 0.8127528939978053, 0.8134275571688488, 0.8142113478597512, 0.8146448628604244, 0.8153588235613545, 0.8161904770573162, 0.8168220082177589, 0.8175204648008914, 0.8184283353513168], "valid": [0.6410372739204692, 0.6855145193251977, 0.7243226503236835, 0.7363206858837564, 0.7414710752076491, 0.7446469794041817, 0.7469242092303272, 0.7490316036349721, 0.7510146518776504, 0.7534430980482139, 0.7555493879632249, 0.7580140030555946, 0.7610292844775108, 0.7643114535358445, 0.7679962925430559, 0.7714283794847206, 0.775042849185767, 0.7783343047544112, 0.7807767928025542, 0.7828279479029863, 0.7842036678008859, 0.7854864059494131, 0.7865783846315002, 0.7874342543749943, 0.7878901329699379, 0.7883800703933519, 0.7889000402795061, 0.7888301204377459, 0.7890562494980429, 0.7894719180929699, 0.7897339970058587, 0.7895827232037472, 0.7892423575629028, 0.789655583622634, 0.7899118536643271, 0.7893664780707852, 0.7895702660597701, 0.7894226661635242, 0.789390506336275, 0.7891733536953586, 0.7886940219762753, 0.78834891936817, 0.7885405020562299, 0.7885665820542945, 0.7880919786480717, 0.7878553261002479, 0.7873794203948997, 0.7857782133298201, 0.7868326229586231, 0.7864340044732364]}