{"epoch": [0, 1, 2, 3, 4, 5, 6, 7, 8, 9, 10, 11, 12, 13, 14, 15, 16, 17, 18, 19, 20, 21, 22, 23, 24, 25, 26, 27, 28, 29, 30, 31, 32, 33, 34, 35, 36, 37, 38, 39, 40, 41, 42, 43, 44, 45, 46, 47, 48, 49], "train": [0.5445614049953467, 0.6444863910819074, 0.7024265232488024, 0.7262686244670723, 0.7342459414774535, 0.739562277300106, 0.7431215295876322, 0.7458695832761456, 0.7480113800581258, 0.7513606554393734, 0.7538173404405178, 0.7566538548649088, 0.7594186274701041, 0.7627903868460347, 0.7660888757509594, 0.7704829436268256, 0.7740382896050034, 0.7777636183985555, 0.780963455361076, 0.7837475129501383, 0.786399716467738, 0.7888817026080841, 0.7907250193256855, 0.792451571325369, 0.7941767305821289, 0.7955924209979315, 0.7970960718842559, 0.7982193398409602, 0.7997802619059642, 0.8007303312359697, 0.8019409077822559, 0.8030941220629547, 0.8041974319216438, 0.8049667932374217, 0.8057053637732942, 0.8068315803065099, 0.8075152935938095, 0.808167528858099, 0.8095236976601585, 0.8099987231548194, 0.8107952452645508, 0.8117083185072017, 0.8124627470591012, 0.8131705440641496, 0.8140037942066156, 0.8146645074211126, 0.815427669408947, 0.8159710104355576, 0.8168459734826945, 0.8175678404086222], "valid": [0.6452763705216551, 0.694318487787008, 0.7277726046172776, 0.7389401907238855, 0.7437344642763607, 0.746852669834928, 0.7488314204667248, 0.7513372696487208, 0.7531609763335843, 0.7554627172836751, 0.7574510603025124, 0.7601129612066566, 0.7629398774270091, 0.7664500519586264, 0.7700958848856738, 0.774360861524583, 0.7774438030508517, 0.7808596893802334, 0.7840967616527746, 0.7861318241412627, 0.7879037467397065, 0.7896403298838146, 0.7905634167356053, 0.791580402511119, 0.7921464873061347, 0.79265075792787, 0.7932075411516988, 0.7933540770608738, 0.7935578537958272, 0.7936836850058757, 0.793858542303865, 0.7940549157268931, 0.7943995757143726, 0.7941960808310308, 0.7941979125604962, 0.7941411296310839, 0.7938573096305768, 0.7939734664073692, 0.7936323148586344, 0.7938128760786569, 0.7936166822644791, 0.7929577207933458, 0.7934368149991967, 0.7928838645828724, 0.7928858872974954, 0.7927751323585787, 0.7918460950500972, 0.7920089929331245, 0.7912771189450022, 0.791265369667715]}