{"epoch": [0, 1, 2, 3, 4, 5, 6, 7, 8, 9, 10, 11, 12, 13, 14, 15, 16, 17, 18, 19, 20, 21, 22, 23, 24, 25, 26, 27, 28, 29, 30, 31, 32, 33, 34, 35, 36, 37, 38, 39, 40, 41, 42, 43, 44, 45, 46, 47, 48, 49], "train": [0.5980450995241842, 0.7352506747249883, 0.7871141196305022, 0.7992551801563006, 0.8048630074011305, 0.8084976456710946, 0.8120551638718032, 0.815147087301781, 0.818029273514224, 0.8219858014388572, 0.8257912665901024, 0.8316895316179556, 0.8374673030800235, 0.8444094698437712, 0.8525607056579294, 0.8548674503411421, 0.855213155948711, 0.8561591523988012, 0.8575125887960885, 0.8579941245451066, 0.8589083975760818, 0.8596341099265081, 0.8603920955049382, 0.8611568574693489, 0.8610383415297251, 0.8618132528809541, 0.8624309219283682, 0.8622557454849042, 0.8640805180612818, 0.8646849411201962, 0.8644460450168525, 0.8649380865801826, 0.8657671034582994, 0.8663226691438078, 0.8669068675275828, 0.8671997667333045, 0.8675604594970368, 0.8680440825007469, 0.8687779095187419, 0.869406211357456, 0.8698951141241266, 0.8702155367559692, 0.8713616901053933, 0.8709855234975505, 0.8717190697057644, 0.8718089053123734, 0.8727370409862074, 0.8727173093209106, 0.8729953637846442, 0.8731614639463118], "valid": [0.7028580741140203, 0.7893702650425571, 0.8008054523917314, 0.8044852064229897, 0.8092629724900102, 0.8112784531041051, 0.812371207535281, 0.8143235155830388, 0.8174755568949904, 0.8203819354485045, 0.8248481718657572, 0.829881514354638, 0.834410433891555, 0.8396952232933482, 0.8411342833498523, 0.841675450326661, 0.8421649901526094, 0.8425944140856374, 0.8428051627182437, 0.8430941296658073, 0.8431952288233063, 0.8437290825195014, 0.8441548932308791, 0.8443721578196799, 0.8446947165976268, 0.844989545063817, 0.8449438844257887, 0.8451802761169199, 0.8453431655486192, 0.8457644299319471, 0.8456575497776937, 0.8458407101959644, 0.8458857708671031, 0.8462696715229435, 0.8461102800560972, 0.8464818150785685, 0.8463543671120193, 0.8468370167918968, 0.8469627951137464, 0.846881940102195, 0.8468449971409605, 0.8470022168855518, 0.8472259658533422, 0.8471070674149717, 0.8469988333880658, 0.8470597694988786, 0.8472895220827168, 0.8477233628772555, 0.8474117227072714, 0.8474417676281344]}