{"epoch": [0, 1, 2, 3, 4, 5, 6, 7, 8, 9, 10, 11, 12, 13, 14, 15, 16, 17, 18, 19, 20, 21, 22, 23, 24, 25, 26, 27, 28, 29, 30, 31, 32, 33, 34, 35, 36, 37, 38, 39, 40, 41, 42, 43, 44, 45, 46, 47, 48, 49], "train": [0.6166198914567846, 0.7415425074838043, 0.7889417907892712, 0.7989005512489289, 0.8055139363841504, 0.8084847275240457, 0.812059258097738, 0.815336712960082, 0.8176780156646744, 0.8227280469761922, 0.8258245520994084, 0.8328283155076323, 0.8375595530209384, 0.8446816310288388, 0.8532402762673839, 0.8546939773521744, 0.8558264355148059, 0.8565144744131861, 0.8574028230585679, 0.8583586047619888, 0.8591708655368961, 0.8591882233820539, 0.8602612038132605, 0.8601223947165113, 0.8613244174488739, 0.8614456632295435, 0.862491648806458, 0.8625240672278438, 0.8628944630526711, 0.864348689310833, 0.8643939711743877, 0.8648857584615388, 0.8656668162385122, 0.8660195882774641, 0.8664202420409253, 0.8673952557642999, 0.8679469084895409, 0.8682355908085196, 0.868483662604277, 0.8691634348829786, 0.8696104098224573, 0.8699976668040396, 0.8707372153230213, 0.870986356277266, 0.8718717372847841, 0.8717438940257923, 0.8721266136824968, 0.8729909357433693, 0.8734900091548209, 0.8730819878467154], "valid": [0.718508009030759, 0.7919455288535547, 0.799108769552552, 0.8050554472617829, 0.8079098947091561, 0.8112050441879137, 0.8120452765081381, 0.8137265561311605, 0.8160772961189892, 0.8180577904225144, 0.8226616523249352, 0.8266110758633191, 0.831399740990854, 0.8352168316315648, 0.8361395169731525, 0.8365775222868714, 0.8372586883191433, 0.8372489207897755, 0.8376226977927558, 0.8378060819509201, 0.838490542245754, 0.8382858671787341, 0.8383654657175006, 0.8391409441163588, 0.8383308669688168, 0.8395262984495286, 0.8394831959258, 0.840068269218319, 0.8399640642548284, 0.8397376159923745, 0.8401197177521613, 0.8403940358185578, 0.840414963786327, 0.8407230885070095, 0.8408614982155723, 0.8406404409361448, 0.8411957497898539, 0.8402995501557768, 0.8413361712056537, 0.8412146235437725, 0.8413249134925016, 0.8417141645377392, 0.8420783881792899, 0.8414972712715847, 0.8418744594303145, 0.8420868747882027, 0.8418921822359238, 0.8425633404129733, 0.8425895277567532, 0.8421459328233325]}