{"epoch": [0, 1, 2, 3, 4, 5, 6, 7, 8, 9, 10, 11, 12, 13, 14, 15, 16, 17, 18, 19, 20, 21, 22, 23, 24, 25, 26, 27, 28, 29, 30, 31, 32, 33, 34, 35, 36, 37, 38, 39, 40, 41, 42, 43, 44, 45, 46, 47, 48, 49], "train": [0.6023598866844019, 0.7422119507449094, 0.7886316626031449, 0.7976007117388189, 0.8036732037589449, 0.806526003389934, 0.8112020417278241, 0.8143921399644584, 0.8182786402364679, 0.8206476639150735, 0.8255369029406272, 0.8313771659018212, 0.8368227438573769, 0.8434181003472173, 0.8513715987391166, 0.8535605409557987, 0.8549792299561192, 0.8550406758956479, 0.855764822886766, 0.8568371329677882, 0.8570396034459768, 0.857611983220232, 0.8581515201671561, 0.8588953453936663, 0.8607694617750514, 0.8610568695737159, 0.861423891390646, 0.8619156077367889, 0.8623390427471649, 0.8628317743756013, 0.8635229650789339, 0.8634707023324801, 0.8642482487609922, 0.8650216866692297, 0.8654689091804155, 0.8663184155670843, 0.8666384139373073, 0.8670680491342782, 0.8676715465805909, 0.8683801022971178, 0.8685207314131794, 0.8690038812963417, 0.8694589026737765, 0.8705991279272529, 0.8702549715710775, 0.8714426454995823, 0.8712584735001708, 0.8718687627766892, 0.8716134153554388, 0.8728028031627192], "valid": [0.716095481531501, 0.7934047997679468, 0.8028537646237535, 0.8082612301019904, 0.8093453145744015, 0.8126599159328942, 0.8149899841903718, 0.8152487679189551, 0.8189106564171208, 0.8205155365301691, 0.8250096835027864, 0.8277643731254722, 0.8305094889467386, 0.836117837382992, 0.8382081527793007, 0.839175076790508, 0.8395953647272325, 0.8400494251202385, 0.8406302354902522, 0.8401658806790713, 0.8410015880866747, 0.8416250001519057, 0.841567581289117, 0.8416842935162231, 0.8417435823907162, 0.842176213601977, 0.84231517964184, 0.8425446545475221, 0.8430613135636285, 0.8433019801039855, 0.8432105440895061, 0.8436899315798112, 0.8434869443909374, 0.8435040536136709, 0.8436340789173016, 0.843643625031473, 0.8441746440014044, 0.8443507895256764, 0.8440103920209625, 0.8447872490602184, 0.8445991920328204, 0.8447085978196373, 0.844515611713769, 0.8446618669829292, 0.8449897872666903, 0.845186588226368, 0.8447224788589003, 0.8453811263147395, 0.8450046478358938, 0.8456702305732364]}