{"epoch": [0, 1, 2, 3, 4, 5, 6, 7, 8, 9, 10, 11, 12, 13, 14, 15, 16, 17, 18, 19, 20, 21, 22, 23, 24, 25, 26, 27, 28, 29, 30, 31, 32, 33, 34, 35, 36, 37, 38, 39, 40, 41, 42, 43, 44, 45, 46, 47, 48, 49, 50, 51, 52, 53, 54, 55, 56, 57, 58, 59, 60, 61, 62, 63, 64, 65, 66, 67, 68, 69, 70, 71, 72, 73, 74, 75, 76, 77, 78, 79], "train": [0.555324610582386, 0.6307380895621155, 0.6917183625496569, 0.7174407890799023, 0.7432470300496683, 0.7702108277049903, 0.7846617837506438, 0.7910448425172127, 0.795163921320262, 0.7980965946767207, 0.7999892453001552, 0.8021417084409198, 0.8038985351276771, 0.8050892452162024, 0.8070587699170971, 0.8081235055689684, 0.8095986487952807, 0.8101593413976327, 0.8115973020832774, 0.8124893211681405, 0.8132682185907447, 0.8152681058853691, 0.8160002651020397, 0.8166054860146355, 0.8183199787878628, 0.8190925945548947, 0.8191049558825866, 0.8213498328115005, 0.821536662537597, 0.8233593761173266, 0.8246679346584425, 0.8254576928395908, 0.8261999222676668, 0.8284783810568254, 0.8294166185854811, 0.83014932011729, 0.8319005711963876, 0.8342355823717207, 0.8349392236212106, 0.8366303218820921, 0.8387312957349267, 0.8405689377596336, 0.8427386230448246, 0.8438954561964432, 0.8457340063021916, 0.8481138291408462, 0.8490561230297604, 0.8509574516392575, 0.8523618150153575, 0.8550600256719678, 0.8556219356890946, 0.858051022520365, 0.8596481238124187, 0.8605655288790411, 0.8628651148591621, 0.8642116897063832, 0.8656499313109717, 0.8679290875540593, 0.8686508796943189, 0.8705786642613713, 0.8715506887633252, 0.8734997709107257, 0.8754280108098802, 0.8764615260593005, 0.8775842741803862, 0.8788525905736448, 0.8799818537787937, 0.8817572712887989, 0.8822052087399382, 0.8840280729875998, 0.8848014177529516, 0.8864455989238822, 0.8869763806879198, 0.888463110293114, 0.8895253042122406, 0.8909282440669881, 0.8917775584054454, 0.8932987234074514, 0.8942391703847112, 0.8950088461648572], "valid": [0.6441777879258443, 0.6949926007400822, 0.7231836707267467, 0.7454846356156704, 0.7766042397144821, 0.7929748130630341, 0.7998201506702329, 0.8009696054837729, 0.8042115001286874, 0.8044100147045329, 0.8074301831317203, 0.8074313804181257, 0.8077493160815696, 0.8093384518783864, 0.8095680592338771, 0.8108131203601073, 0.8119626447659197, 0.8125901552921774, 0.8123123743698599, 0.8134627675566203, 0.814227464655821, 0.8148926103836256, 0.8156312043942757, 0.8158922816746295, 0.8163123705624891, 0.817115379330056, 0.817417094007618, 0.8173240513844435, 0.8180017738576333, 0.8190731266857306, 0.8198616752267357, 0.8203823848124125, 0.8219931061865111, 0.822885535785876, 0.8233522051013393, 0.8245358214892424, 0.8245395128728911, 0.8268957021782154, 0.8250590977576507, 0.8293533562682724, 0.829709554212018, 0.8313847068057213, 0.8332318937415021, 0.8323262139231489, 0.8347200646206603, 0.8354609027950167, 0.8362798826149278, 0.8369030005966855, 0.8381510474558893, 0.8380238844150719, 0.8383873506356025, 0.8399423353343122, 0.8401308144051682, 0.8416834494293073, 0.8420515386719707, 0.8425387863475274, 0.843272815703757, 0.8427274150791841, 0.8435247816345652, 0.8431150799545767, 0.844573368809967, 0.8428462644625239, 0.8439813772815348, 0.843527842197939, 0.8437691986745872, 0.843336457462638, 0.8433869156015871, 0.844199851370063, 0.8431101486311943, 0.84325015631023, 0.8426870261189047, 0.8437553872275964, 0.8436068062295938, 0.841365241383206, 0.8424922351037801, 0.8413895051405162, 0.8424993552163724, 0.8407296095135994, 0.8403553325451317, 0.840910307719428]}