{"epoch": [0, 1, 2, 3, 4, 5, 6, 7, 8, 9, 10, 11, 12, 13, 14, 15, 16, 17, 18, 19, 20, 21, 22, 23, 24, 25, 26, 27, 28, 29, 30, 31, 32, 33, 34, 35, 36, 37, 38, 39, 40, 41, 42, 43, 44, 45, 46, 47, 48, 49, 50, 51, 52, 53, 54, 55, 56, 57, 58, 59, 60, 61, 62, 63, 64, 65, 66, 67, 68, 69, 70, 71, 72, 73, 74, 75, 76, 77, 78, 79], "train": [0.5888101656129437, 0.7119974290947018, 0.777616542298335, 0.7947318441514776, 0.8027530342273992, 0.805909515380959, 0.810104299207552, 0.8131447189679235, 0.8158931950234307, 0.8191260005682635, 0.8245390782483464, 0.8285506716289557, 0.8338324648537119, 0.8420733649629893, 0.8490391432247106, 0.8509782014329622, 0.8523123838481736, 0.8529759994947173, 0.85366315818205, 0.8548227337064762, 0.8542986720093149, 0.8555096324861995, 0.8560078327647394, 0.8568157277089672, 0.8570767846744898, 0.8584254202128478, 0.8588704741059744, 0.8589926215344876, 0.8595051125244928, 0.8603407877911411, 0.860987877462076, 0.8615015876159133, 0.8621832662787371, 0.8621599335415079, 0.8633996778199753, 0.8638443611013857, 0.8643385935451439, 0.8647776781730308, 0.8648145127510105, 0.8656090062855668, 0.8655961119232076, 0.8668274214586259, 0.8671091251069801, 0.8678750290491026, 0.8682540930704048, 0.8683063416910062, 0.8688201209676466, 0.8692825800119053, 0.8695986737956771, 0.8703061555654581, 0.8707922181146136, 0.871230633038911, 0.8716688043946055, 0.8718078761965387, 0.8719812536504636, 0.8718991655523504, 0.8734421632590068, 0.8735738357901977, 0.8743248389008276, 0.8746173307451164, 0.8754526641156076, 0.8759997356344835, 0.8758667687017598, 0.876326906628712, 0.8765554741646807, 0.8769664779596176, 0.878018961373797, 0.8786678928519016, 0.8783252082645178, 0.8787762397880635, 0.8795463623736093, 0.8798563109298472, 0.879410735607169, 0.8809495678944711, 0.8806271242053114, 0.8807377489163853, 0.8808108701285968, 0.8814766211952354, 0.8822259101777583, 0.8831840928202546], "valid": [0.7011268558305308, 0.7680988049836002, 0.8015118820503493, 0.8073283821138661, 0.8103132518496335, 0.8122354786749724, 0.8136601847973802, 0.815034230747031, 0.8172166914751979, 0.8195852539619599, 0.8228306812696182, 0.8250973357169161, 0.8299405708609315, 0.8333614101002975, 0.8351823722480197, 0.8357015382201232, 0.8356820639989645, 0.835919043035118, 0.8361711828256074, 0.8367460827017241, 0.8370719776852529, 0.8372927263481774, 0.8375183546999714, 0.8378783478614087, 0.8382458776609515, 0.8379867165580392, 0.8384954988766935, 0.8386927286480569, 0.839057943458307, 0.8388101036152944, 0.8396274785395879, 0.8398769916005571, 0.8395344821353048, 0.8396974332057198, 0.8400952431606381, 0.8401364509243503, 0.8402513685515282, 0.840419145233426, 0.840453563104119, 0.841059468408794, 0.8409062854639302, 0.8406860505361764, 0.8411983009648631, 0.8410056121034479, 0.8410271404700352, 0.8416058289442244, 0.8413131995059047, 0.8411637534674938, 0.8417812027036594, 0.8419329510072717, 0.8415630911085787, 0.8419572898074417, 0.8418455595650403, 0.8419180343964305, 0.8420687440961212, 0.8423515322453674, 0.8419469292164069, 0.8415206268408877, 0.8424484866371835, 0.8423676600306131, 0.8424504540997427, 0.8424983897265308, 0.8427314545142142, 0.8423351245301212, 0.842147945200076, 0.8424056732522478, 0.8421719992987118, 0.842867704875081, 0.8423898659550422, 0.8423814688502884, 0.8428948954621296, 0.8427140010377451, 0.8428072145468297, 0.8425052408542375, 0.8425890687557546, 0.8420646127428495, 0.8423801598594345, 0.8427429228964147, 0.8420519268241984, 0.842136580201114]}