{"epoch": [0, 1, 2, 3, 4, 5, 6, 7, 8, 9, 10, 11, 12, 13, 14, 15, 16, 17, 18, 19, 20, 21, 22, 23, 24, 25, 26, 27, 28, 29, 30, 31, 32, 33, 34, 35, 36, 37, 38, 39, 40, 41, 42, 43, 44, 45, 46, 47, 48, 49], "train": [0.5387040645146816, 0.625848217086713, 0.6642053135017219, 0.6779190090194336, 0.6848426168144496, 0.690028910521692, 0.695552714533912, 0.7009756792723305, 0.7065476376224, 0.7137074370179549, 0.7205098893963772, 0.7273132769451642, 0.7332039108476747, 0.7370329440951044, 0.7410942586689709, 0.7439419957868375, 0.7470132633305658, 0.7491068536986294, 0.751278853255408, 0.7530259302823544, 0.7547394819926512, 0.756209278851905, 0.75768162572947, 0.7588528128154786, 0.760156395682549, 0.7614888087388098, 0.7626491370373905, 0.7635385898121335, 0.7643404896370684, 0.7656045146311311, 0.7663382421748153, 0.7672687905533251, 0.767977157467304, 0.7691318224523571, 0.7698114235976741, 0.7704659918979402, 0.7712606911105961, 0.7717590376775061, 0.77300991710914, 0.7735923604952488, 0.7741671788023766, 0.7751060974196939, 0.7762206359169651, 0.7764866751051263, 0.7772374435517582, 0.7780206294547499, 0.7790187375703254, 0.7800060471416989, 0.7804988412235787, 0.7813815960645973], "valid": [0.598199941596473, 0.6527432093577505, 0.6670993010105062, 0.6754595439664335, 0.679718070419127, 0.6838020621465556, 0.6879064554695439, 0.6920403935523018, 0.6999953733277228, 0.7073127705374013, 0.7142020591551836, 0.7196517010425119, 0.7236262371872775, 0.7267995151265898, 0.7290749677968216, 0.7306635699451458, 0.7320620923914148, 0.7330534931391857, 0.7340897843265329, 0.7349084734684783, 0.7351557326092336, 0.7357314495317782, 0.7364312443332728, 0.7363904952110931, 0.7369282292987052, 0.7372302748106976, 0.7370325332328922, 0.7371559722462827, 0.7372748001752893, 0.7370679443786394, 0.7372416213938413, 0.7373201625746832, 0.7372070138892175, 0.7366695795302353, 0.7367592290901552, 0.7367485209340051, 0.7367903342682468, 0.736495974001314, 0.7361514880681537, 0.7357309693018561, 0.7357421790523644, 0.7354095597791361, 0.7352881126078437, 0.7349745964611425, 0.7348292367217399, 0.7343641533705074, 0.7335185966644607, 0.7336922451102112, 0.7335590614078256, 0.7324751071031201]}