{"epoch": [0, 1, 2, 3, 4, 5, 6, 7, 8, 9, 10, 11, 12, 13, 14, 15, 16, 17, 18, 19, 20, 21, 22, 23, 24, 25, 26, 27, 28, 29, 30, 31, 32, 33, 34, 35, 36, 37, 38, 39, 40, 41, 42, 43, 44, 45, 46, 47, 48, 49], "train": [0.5428630988220386, 0.6353758823092885, 0.6676815862168137, 0.6790657648632047, 0.6867048741678032, 0.6918671923643132, 0.6963624060557304, 0.7020176270147845, 0.7073414926775158, 0.71522244871419, 0.7219520597039863, 0.7286435886000328, 0.7337196738599714, 0.7382446709733044, 0.7421096508524486, 0.74462254453019, 0.7473272339063626, 0.7499696172806236, 0.7519976195390756, 0.7538699197599221, 0.7552456858428688, 0.7567602651841688, 0.7581218257542355, 0.7593616780304361, 0.7607582637249579, 0.7617804275752587, 0.7625325536985453, 0.763537247043848, 0.7650357715959054, 0.7656898996553548, 0.7665146704464361, 0.7673149930711405, 0.7683883804908297, 0.7692562329507371, 0.7699730052069831, 0.7706264341677547, 0.7712764763400197, 0.772258864948256, 0.773427366692731, 0.773688961899597, 0.7743972167671536, 0.7753004057820837, 0.7760925051263302, 0.7768038195739146, 0.7777138104917988, 0.7783369293779682, 0.7789042110163371, 0.779719556994533, 0.780600542802064, 0.7818510421271397], "valid": [0.6109199710025398, 0.6484044087562553, 0.6635980885974594, 0.6698177560644405, 0.6742302234805104, 0.6796065349405176, 0.6835621538963292, 0.6890591742611955, 0.6963964375916207, 0.7044336363400246, 0.7125132269723109, 0.7177914477260467, 0.7223438432834057, 0.724785851315626, 0.7280011535718871, 0.7293485548149865, 0.7305843463304017, 0.732169580278737, 0.7330728098842821, 0.7334014279968915, 0.7341266210884118, 0.7347423478239279, 0.7351147079738507, 0.7353247694211477, 0.7357508094205456, 0.7357734483384484, 0.7356595208653309, 0.7357045714516913, 0.7361528903501778, 0.7355266971284631, 0.735806724469704, 0.7358250263377507, 0.7359117718102428, 0.7358413848169443, 0.73521163906151, 0.7355486565357168, 0.7353448597804499, 0.7355866590741925, 0.7351545289222727, 0.7347453029783625, 0.7340689320515184, 0.7344748048643949, 0.7344128110168993, 0.7337869685317459, 0.733702198521606, 0.7334750598835231, 0.733213389440829, 0.7330322321007283, 0.7327317017543111, 0.7323624030903466]}