{"epoch": [0, 1, 2, 3, 4, 5, 6, 7, 8, 9, 10, 11, 12, 13, 14, 15, 16, 17, 18, 19, 20, 21, 22, 23, 24, 25, 26, 27, 28, 29, 30, 31, 32, 33, 34, 35, 36, 37, 38, 39, 40, 41, 42, 43, 44, 45, 46, 47, 48, 49], "train": [0.5396704282387953, 0.6263690019796289, 0.6630852443188036, 0.676290507326556, 0.6840176130109353, 0.6889569818483204, 0.6940031857444867, 0.6985677391161068, 0.7046410779839024, 0.7113887189618882, 0.717949056219172, 0.725476354019032, 0.7308852419786538, 0.735369692516346, 0.7390542387948538, 0.7425223019863103, 0.7454058716925086, 0.7478541737738811, 0.7494099087975135, 0.7514195152621075, 0.7531788239839455, 0.7545999672649282, 0.7558605774339113, 0.7576161437889893, 0.7588647744200624, 0.7599753434167779, 0.7607399347571684, 0.7615968124145525, 0.7629801032425624, 0.7637656885904902, 0.7647697298676418, 0.7658592291098669, 0.7664647745016739, 0.7671799931719957, 0.7679627724272413, 0.7687410494682336, 0.7695461778476373, 0.7709833024579088, 0.7709316116913877, 0.7720902999079045, 0.7730617481209858, 0.7737447351622396, 0.7740108765204564, 0.7751436015274292, 0.7759208176536321, 0.7764969114611142, 0.7778197597477643, 0.7782783373330113, 0.7791332214081654, 0.7799055095932044], "valid": [0.6128536687798687, 0.6572730977498146, 0.6710774449312457, 0.6793352518917584, 0.6847808267398268, 0.6875489497353307, 0.6929743056713367, 0.6974237645901956, 0.7025832865551318, 0.7123993530122666, 0.7186925137417369, 0.7254773835469169, 0.7291933477339022, 0.7326424001021872, 0.7347596125940008, 0.736610036559882, 0.7383946073685318, 0.7397580583977666, 0.740577445107756, 0.7415588035317436, 0.7420121671243967, 0.74266639006072, 0.742862295547267, 0.743404491799286, 0.7435781445389218, 0.743948335921395, 0.7439509206071744, 0.7438891540708075, 0.7440433671549481, 0.7442542223027374, 0.7440297002232854, 0.7441426140866464, 0.7441563367149078, 0.7442611960016965, 0.7439910968611203, 0.7437511510107043, 0.7437099357480026, 0.7434946877857821, 0.7431144413767925, 0.7430668224926825, 0.7426932292104382, 0.7426936233286057, 0.7423882449377056, 0.7424986468899726, 0.7416635892725784, 0.7412790900894681, 0.7415008048620176, 0.7400829791330449, 0.7402186757149092, 0.7398555516303282]}