{"epoch": [0, 1, 2, 3, 4, 5, 6, 7, 8, 9, 10, 11, 12, 13, 14, 15, 16, 17, 18, 19, 20, 21, 22, 23, 24, 25, 26, 27, 28, 29, 30, 31, 32, 33, 34, 35, 36, 37, 38, 39, 40, 41, 42, 43, 44, 45, 46, 47, 48, 49], "train": [0.5367865400748737, 0.618826502914365, 0.6610236563725812, 0.6732840227421067, 0.6811226518718867, 0.6870653679347517, 0.6917351297310318, 0.6967575167102328, 0.702739221855108, 0.708565887021834, 0.7159447571269726, 0.7225084333347515, 0.7284337573012798, 0.7327514277021899, 0.7368148433828334, 0.740359445480698, 0.7429050347228726, 0.7451050725268642, 0.7476761942982839, 0.7491128113695963, 0.7514178498865679, 0.7528642112627116, 0.753975438359935, 0.7551086020629941, 0.7565259665292444, 0.7578405061871355, 0.7589703031198548, 0.7598445454148871, 0.7611410102290489, 0.7619343659845512, 0.7626478591571612, 0.7636273532771429, 0.7645197459897053, 0.7650215132419936, 0.7662632734114472, 0.7671202506554304, 0.7676401459413609, 0.768443301165026, 0.7689961933657322, 0.7699522575267864, 0.770814869346429, 0.7713116920432744, 0.7725618643528528, 0.7727943776324668, 0.7735023222726843, 0.7742888919849644, 0.7753183700183113, 0.77630160605033, 0.7768771649995706, 0.7777992589624614], "valid": [0.6175468584915134, 0.6712093847874551, 0.6847774455790034, 0.6920665916818338, 0.6955841703659604, 0.7001389221787042, 0.7040904897473097, 0.7090393686379013, 0.7151578102217472, 0.722554784198022, 0.7292965087970384, 0.7342484992937506, 0.7388367109913341, 0.7420512914579777, 0.7444120501565398, 0.7461747237660343, 0.7475710718900204, 0.7489893534039092, 0.7495520052138018, 0.7503463345907161, 0.7509093393022788, 0.7512563098869751, 0.7515598295364012, 0.7518378502181565, 0.7518408827993597, 0.7523333185608939, 0.7522903636394912, 0.7523186393211023, 0.7524463178080643, 0.7523085359372337, 0.7524366044290278, 0.7524426311631588, 0.7522024795590975, 0.752221836447579, 0.7520143062932587, 0.751962250134767, 0.751614253430793, 0.7519103567242376, 0.7516595769313497, 0.7510868704053726, 0.7512816995930607, 0.7510918886080888, 0.7504157455727292, 0.7504181892616939, 0.7502768165757165, 0.749563392391183, 0.7492897389202946, 0.7486266387909387, 0.7485116750035975, 0.7484299852238897]}